Mixture,B cells naive,B cells memory,Plasma cells,T cells CD8,T cells CD4 naive,T cells CD4 memory resting,T cells CD4 memory activated,T cells follicular helper,T cells regulatory (Tregs),T cells gamma delta,NK cells resting,NK cells activated,Monocytes,Macrophages M0,Macrophages M1,Macrophages M2,Dendritic cells resting,Dendritic cells activated,Mast cells resting,Mast cells activated,Eosinophils,Neutrophils,P-value,Correlation,RMSE
GSM340605,0,0.0439021536027421,0,0,0.107829177131485,0.0624002982567226,0.285164482715943,0,0.0941446422382351,0.0485296091140031,0,0.0263103864935827,0,0.0869957015765841,0,0,0,0.155670323938366,0,0,0.0677827539792851,0.0212704709530514,0.77,-0.00734039172627992,1.10051081086862
GSM340606,0.0113522130211354,0.0220885612458927,0,0,0.0681533337512708,0,0.372044558507569,0,0.0430281815346546,0.0295534326492506,0,0.00735994845694864,0,0.092313105062758,0,0,0,0.194578083220053,0.081577665025581,0,0.0281848063079373,0.0497661112169489,0.27,0.0673821127652837,1.06179643103487
GSM340607,0.0235196942587122,0,0.0849863513631834,0.0767531499404632,0,0.264696949766467,0,0,0.109309823694955,0,0.123173546017366,0,0.0228742854752282,0.00600030887112273,0.0297419024126957,0.117733843805601,0.0205137065714252,0.120696437822781,0,0,0,0,0.1,0.129957634453499,1.04454473442646
GSM340608,0.0537628990130926,0,0.0552804200494556,0,0,0.155214116562031,0.247066024872981,0,0.0404932865945768,0.0481469950235791,0,0.00781449685769687,0,0,0,0.245164005615754,0,0.0808882856983542,0.0517701693739366,0,0,0.0143993003385415,0.57,0.019164061948194,1.06500962467058
GSM340609,0.122853787692636,0,0,0,0,0.107857363660337,0.200543155924183,0,0.145112699784809,0,0.0726548240746827,0,0,0.0428431884310915,0,0,0.00376999763270619,0.304364982799555,0,0,0,0,0.56,0.0211012232418606,1.10643754675075
GSM340610,0,0.0166229932478688,0.0377277561686075,0,0.000923544677218299,0.0335213339954915,0.0938227645267672,0,0.224306960058919,0,0.140541023718973,0,0.008777513734641,0.0862559026282634,0.048474483042358,0,0.122522786838831,0.131917664777782,0.0545852725842788,0,0,0,0.3,0.0561564825835927,1.06704699284789
GSM340611,0.0228343993626362,0.0226967325705811,0,0,0,0.144907031220554,0.131859201671355,0.0331252301244568,0.0755832995603209,0.083441003513337,0,0.0212317555788407,0,0.12297709371586,0.0105773172700436,0,0.0849424006265242,0.200679630187784,0.0451449045977075,0,0,0,0.65,0.00431960699582996,1.09157315459168
GSM340615,0,0.0997785382016962,0,0,0,0.233703804246693,0,0,0.0783803022501432,0,0.0467167967142151,0.0832144017263398,0.0208902237284373,0,0,0.279540057209111,0,0.0626224764968219,0.0933248441744164,0,0.00182855525212576,0,0.49,0.0276272093640273,1.07876106450705
GSM340616,0.0305975672872237,0.00171598323535969,0,0,0.0788268791344302,0.13669551548829,0,0,0.226435140666656,0,0.0747883279628463,0,0.0689919096031984,0.00179770079718818,0,0.187138612929985,0,0.0658053106049132,0.113313851868857,0,0.0138932004210522,0,0.44,0.0319226017194821,1.0722042159134
GSM340617,0.0519465951865597,0,0,0.0735124066744428,0,0,0.181628827069058,0.0386324655332658,0.149776642592557,0.0130219958218649,0.0535811499412151,0,0.0127472598990679,0.0237307440922439,0,0.235276836092911,0,0.155819582744272,0,0,0,0.0103254943525422,0.52,0.0241444195699202,1.07906632297734
GSM340619,0,0.0230922936607814,0,0,0.0215018895383661,0.0560618055767518,0.369963328141622,0,0.073217063323099,0,0,0.037168549023988,0,0.0105900913831113,0,0.0869224188580629,0,0.182894215592767,0.0770443409016981,0,0,0.0615440039997522,0.72,-0.00260780496293162,1.0917713430408
GSM340621,0.0117178361858593,0,0,0,0.211026484699937,0,0.140938703183751,0,0.178715046574995,0.0642966166109386,0.0323533421803857,0.0268185294799393,0,0,0,0.144097413115668,0,0.083507775154663,0.0904440678724766,0,0.00955472183302374,0.00652946310836342,0.43,0.0346683765468613,1.08156519703627
GSM340622,0,0.00471811493660494,0,0,0.14454162221631,0,0.0573382791726532,0,0.312106968838342,0.0464219143924579,0,0.0397301921343794,0,0.0199896257378296,0,0,0.0459191741240227,0.228358324790528,0,0.0880436955533124,0,0.0128320881035599,0.29,0.059451329472638,1.09480863782545
GSM340624,0,0.0744351115021567,0,0.000450577136552611,0.120108525892615,0,0.109282588685528,0,0.113670930935006,0,0.0426497640871267,0.0213477202528888,0,0,0,0.316489323265088,0,0.154590894367072,0.0469745638759655,0,0,0,0.64,0.0131404260516582,1.08112514645569
GSM340625,0.0598494186114567,0,0.121304270911922,0,0.034104100789023,0.155018032882266,0.122967705507468,0.020164994828725,0.0386134577168587,0,0.0845158065393174,0.0161364349310065,0.039119710622594,0,0,0.164165810342688,0,0.124159432585806,0.0133295132537194,0,0,0.00655131047714898,0.66,-0.000137352666198214,1.07068248546833
GSM340626,0,0.217597448005494,0,0,0.0300120549421176,0.0202450810019617,0.0430767286528265,0,0.168803701628,0,0,0.0785382216437536,0.0649593482946277,0,0,0.157987033675709,0,0.159673749214149,0.0591066329413617,0,0,0,0.72,-0.00189244229456825,1.08365507723235
GSM340627,0,0.00319016612079624,0.0277272126471574,0.0403174717406081,0,0.0937769380857368,0.233734539006351,0,0.138577826311614,0.00316655623754073,0,0,0,0.203526725841853,0,0.0719750538195015,0,0.138006018701589,0.0438960065041445,0,0,0.00210548498310932,0.64,0.0130606431801387,1.08552473337474
GSM340629,0.014035972271748,0.133850849221998,0.0421633979211341,0.0417843491489629,0,0.044848457454139,0.0642505521326664,0.0368407094825577,0,0,0.0356350341580096,0.0185106702840771,0.0391589969840418,0,0.0309677197472082,0.192043970826321,0,0.0189269029224215,0.286982417444714,0,0,0,0.39,0.0392680938797514,1.05291121457996
GSM340631,0.0572268151535811,0,0.0368009735768884,0.0479442472592225,0,0.0727573095150422,0.156964556733317,0,0.302880115011357,0,0.0708651446044025,0,0,0,0,0.0199566330293836,0,0.232450276242511,0,0,0,0.00215392887429429,0.27,0.067413251842128,1.08722354404214
GSM340632,0,0.0557747943674617,0,0,0.107475187931583,0.0957056095515443,0.0296286266198099,0,0.0949880322332734,0,0.0820697630731721,0.0286950838883145,0.0355168227076732,0,0.000578435442734176,0.12255260628044,0.0906268074362028,0.1662665134194,0.090121717048391,0,0,0,0.64,0.013161713460969,1.07649559436256
GSM340635,0,0.0538796058761325,0,0.104849096289705,0,0.206236046144398,0.0817167585974222,0,0.213159350055748,0,0.0700923391784461,0,0.0401546430431843,0,0.0285589666815337,0.123422393451075,0.0455719522891154,0.0115402428305375,0.0166419766096154,0,0.00417662895308685,0,0.45,0.0308118368979603,1.09110209333216
GSM340637,0,0.0326101073881792,0,0.04204465890817,0,0.144839592092034,0.026484711823025,0.00265659785172332,0.140904573037388,0.0483507804719264,0.0766049315029758,0,0,0,0.0294865350011935,0.238901291995684,0,0.204107030936242,0,0,0,0.0130091889914592,0.11,0.122185523194223,1.05220342575137
GSM340638,0,0,0,0,0,0.240304494450011,0.267008931944835,0,0.207716694721181,0,0,0,0,0,0,0.0634953659950957,0,0.188343714409934,0.0331307984789434,0,0,0,0.65,0.00369342683818822,1.10977511611509
GSM340639,0.00197563693635639,0.0243990322207693,0.00165256889225441,0,0.074665584620836,0,0.128685526278554,0,0.110874385759967,0.024188573107515,0.0303476158479772,0,0,0,0,0.287382692233629,0.152068731464488,0.110599235157,0.0287333449100442,0,0,0.0244270725706092,0.49,0.026831288231265,1.07463737521745
GSM340640,0,0.00638278468720409,0,0,0.0227374179180283,0.0191315178825063,0.0672703318855314,0.00717663199601108,0.125571898433799,0,0.0484205460650282,0,0.00215877361610571,0.202007723388636,0.0778820360977953,0.161394207112963,0,0.218579990677511,0.0183195716128956,0,0,0.0229665686259853,0.36,0.0460528453428116,1.10298463595774
GSM340641,0.102168711467475,0,0.0159003755314706,0,0.147290123519344,0,0.0955770911007805,0,0.124032641214386,0.0438756495386043,0.148898759779924,0,0,0,0,0,0,0.205046947685428,0,0.117209700162588,0,0,0.9,-0.0275549079545272,1.12832440241261
GSM340642,0,0,0,0,0.0745388616091463,0.109810994334227,0,0,0.237910599422277,0,0.0744193947782597,0.0111951101287867,0.0889892892135906,0.0393583475117546,0.0276297316683579,0.0312427910833899,0,0.263602067825763,0.0413028124244471,0,0,0,0.39,0.0386147412786341,1.09631734126219
GSM340643,0,0.0487534279636321,0,0,0.017430489407256,0.112472385401849,0.283264617929643,0,0.0791184639312263,0.0177871685450134,0.061639082334298,0,0,0,0,0.155955196872426,0,0.189900253261041,0.0286819959932925,0,0.00499691836032221,0,0.56,0.0215223977732074,1.08140976963185
GSM340644,0.0454837428432871,0,0,0.00764507308974066,0,0.240296025987446,0.0285347661029735,0,0.117542344643701,0,0.0239319561336983,0.0618556331611135,0.0373009386753812,0,0,0.23025728775587,0,0.111557130597072,0.0555895481367144,0,0,0.0400055528730027,0.42,0.0356444922176177,1.07440337109703
GSM340645,0.00157601586904416,0.00231027893460204,0,0,0,0.0784198966993161,0.0263189515477027,0.0486858464412868,0.179511771000601,0,0.0527050131405012,0.00154507334358959,0,0.142103203234021,0.182130691393245,0.0174555963539987,0,0.196637939272429,0.0705997227696626,0,0,0,0.08,0.147892030324839,1.06915096580703
GSM340646,0.0386533715965228,0,0.0893709047372097,0.0326444919433744,0,0.0995758032895182,0.224465113680454,0,0.0622540057015967,0.0400305154286813,0,0,0,0.0415386331274322,0.0149740345959445,0.0288088212170977,0,0.0470794805011222,0.237428790307188,0,0,0.0431760338738583,0.72,-0.00226539867851369,1.06545226787287
GSM340647,0,0,0.161512819555747,0,0.0619027106971048,0.0312873601742429,0.0264806213964265,0,0.162075331787634,0,0.0717766837391178,0.168245168410802,0,0.0342522275028008,0,0.0383519412405304,0,0.0811175833728286,0.162997552122766,0,0,0,0.64,0.0134053852457202,1.10208104231086
GSM340649,0.00558133107613684,0.0368330816434794,0,0.00570916370622619,0,0.15386520556256,0,0,0.131649125435106,0,0.11785371944685,0,0.0514867142453423,0,0,0.209827741483105,0.195347328617034,0.053387145699061,0,0.0384594430850991,0,0,0.3,0.052446299749869,1.06710793031029
GSM340650,0,0,0,0,0,0.359821788245801,0.068546884589558,0,0.0892796248210216,0,0.098717392668456,0,0.0230363374129925,0.143401363593657,0.0253730588211012,0.0548731306737808,0,0.0594718766630125,0,0.0774785425106189,0,0,0.19,0.0916151074416545,1.06698796704247
GSM340651,0.0191388008686705,0.00872988684532372,0,0,0,0.0484433276794532,0.109721251714291,0,0.218875855656746,0,0.0625021420369723,0.017038049704555,0.0239460553614745,0,0,0.205418388127476,0.0329047294132081,0.191261717080104,0.062019795511726,0,0,0,0.29,0.0615473936174503,1.06262240400381
GSM340652,0.0289531761721995,0,0,0.000928344728822507,0.219468522393555,0,0.308915865510519,0,0.0513342479617189,0.0570535664626284,0.0126135594476893,0,0,0.0180807288153659,0.0219763326240456,0.0515832388602224,0,0.191337753875042,0.032571917161676,0,0,0.00518274598651519,0.49,0.0270479072367738,1.09205603311119
GSM340655,0.0293222200377837,0,0.0188312596477636,0,0.209266641779907,0,0,0,0.136594810766262,0,0.101064395148017,0,0.0631591583828674,0.0295817627357597,0,0,0,0.289254581812844,0,0.115251171353871,0.00767399833492427,0,0.07,0.158077568420162,1.04178035031962
GSM340656,0.0570359529896539,0,0.0459184595049077,0,0.0693499475809745,0.0611499481867118,0,0.0192922857391809,0.247849041267227,0,0.16537646932698,0,0.0133189711180448,0.132397145139003,0.0498947622599614,0.000944905805746036,0,0.0658641580674836,0,0.0698314093487226,0.00177654366540216,0,0.44,0.0322149138445745,1.09125553703651
GSM340657,0,0,0.0085383219017548,0.172482743224007,0,0.0719325233453962,0.153441927455758,0,0.134992586654079,0,0.0977989647161013,0,0.018282493466388,0.102169719266213,0.0503175252207604,0.0850413515208559,0,0.0678543654509446,0.0371474777777418,0,0,0,0.25,0.0744529775723233,1.07050654574921
GSM340658,0.097855019021301,0,0,0,0,0.236322708950898,0.0408870302832724,0,0.163165842274978,0,0.107630149015985,0.0180213461751669,0.0868989268871476,0.0540258697879071,0,0.0652031142520565,0,0.0555496907793353,0.0744403025719522,0,0,0,0.39,0.0383056521145504,1.07555134071464
GSM340659,0.0300112531250262,0,0.137105790171011,0.259696883947411,0,0.0208031616943417,0.0989455108266785,0,0.116274200010215,0,0.0886736652983259,0,0.00705921641822076,0,0.0270372337897717,0.0484907454282936,0,0.109991515225144,0.0171242866639053,0.0312452372518844,0,0.00754130014976991,0.31,0.051930074631941,1.0765062087181
GSM340661,0.0263920323143617,0,0,0,0.0512162135758298,0.0943542504661218,0.159647343552199,0,0.205875801882344,0.0056563116313437,0.0544027921175062,0,0,0,0,0.105264914935437,0.111048301061954,0.163505839214996,0,0,0,0.0226361992479067,0.31,0.0519065961061667,1.07065076632075
GSM340662,0.0321280145541514,0.0334543147074992,0.0723472142660604,0,0,0.0510749588924324,0.144420643683375,0,0.142140070420475,0.0158276898277389,0,0,0,0.124139386474466,0.00878427680951991,0.0388013172919132,0,0.238812971554878,0.0980691415174904,0,0,0,0.29,0.0588148636715093,1.05921456175837
GSM340663,0.0310519321972745,0,0,0.0479237762165465,0,0.0105266232236357,0.00852457446625438,0.075142737339227,0.236164581047429,0,0.0559427342295296,0.0660988597009837,0.020681540705176,0.0455809844831228,0.0298620014952862,0.00382075552781852,0.0333618932524168,0.257649984625956,0.0481920707201038,0,0,0.0294749507692399,0.38,0.0404105503984863,1.09903512551765
GSM340664,0,0.0676493347561609,0.0867777802130486,0,0,0.146229372974009,0.034951272368204,0,0.2637390299202,0.0998854540095495,0,0,0,0,0,0.105529194616554,0,0.188577292424257,0,0,0,0.00666126871801753,0.66,-8.47434055751865e-05,1.09700428923501
GSM340666,0,0.0640951618667617,0,0,0.0671128852980349,0.0237821724675348,0.296700003684086,0,0.0604155352185974,0.0284259127936922,0,0.0372983852495672,0,0,0.0106030976660162,0.104619501471437,0,0.185416543481993,0.0932811993627897,0,0,0.0282496014394908,0.73,-0.00342339227361342,1.08632020804824
GSM340667,0,0.0293058984833565,0,0,0.0665418472477178,0.136990636580505,0.13708700946391,0,0.199640623932618,0,0.0841147842076055,0,0,0.0462213570180958,0,0.211009337919132,0,0.089088505147059,0,0,0,0,0.63,0.0136932321656283,1.09148401448962
GSM340668,0.242762905069725,0,0,0,0.0390571132085005,0.334999431041423,0,0.0284638893207363,0.202564253685094,0,0.108274150522119,0,0.000779682428122745,0.0235406302102594,0,0,0,0.0112266766706899,0.00833126784333073,0,0,0,0.45,0.0311299047400682,1.13477628207599
GSM340669,0.14008276486593,0,0.0167878697653627,0,0,0.254760967830617,0.109028662331645,0,0,0,0.0203240833689725,0,0,0,0.0148131292379796,0.0826907328144853,0.205782397372942,0.0844351367347251,0.0252456932797112,0,0,0.0460485623976296,0.56,0.0217526534539078,1.06780714492139
GSM340670,0.021391850631236,0,0.274659509212156,0,0,0.133038525185893,0.0140392293128501,0.0101351301728807,0.0864470083772898,0.0636498206355166,0,0.0179404179035811,0.00328458175167822,0,0.0423840027832687,0.225694648538625,0,0.0690781955037807,0.038257079991244,0,0,0,0.56,0.0201921027225442,1.05334630652413
GSM340671,0,0.0887463940068858,0,0.0843194696526843,0,0,0.212521938904052,0,0.201482269506876,0,0.0236147345269148,0.0387141205156407,0,0,0,0.0111157771532483,0,0.227254732471556,0.0678485928497475,0,0,0.0443819704123947,0.26,0.0741607156056833,1.07027484352926
GSM340675,0.0737843435378721,0,0.010439561494027,0,0,0.18176258657086,0,0,0.31407444172243,0,0.090023415799443,0.012702284610848,0.0512431679450607,0.00703250458510034,0,0.0316800662260104,0,0.210637017880088,0,0.0155183470512651,0.00110226257699585,0,0.27,0.0674592494543058,1.08652448863611
GSM340676,0.0361437335716338,0,0,0,0.0513681925223949,0,0.161797825501671,0,0.18710304978274,0.0352449686366808,0.0558038672460132,0,0,0,0.0549013129498061,0.0890138940745378,0.138679677940343,0.146412721038898,0.0435307567352822,0,0,0,0.35,0.0484534355761806,1.06840406533691
GSM340679,0.0218129148780948,0,0.188641700593659,0.00221229840371719,0,0,0.0468841688647051,0.085527195999657,0.121657638786478,0.0944407329756259,0,0,0,0.0915767997790597,0.088684866177654,0.115598659253239,0,0.0525424391500078,0.090420585138102,0,0,0,0.15,0.0981309690687253,1.03151064994359
GSM340680,0.0858900583269664,0,0,0,0,0.151904467415826,0.181052028718773,0,0.139477333310891,0,0.0710596170241957,0,0.0396807385553894,0.0166740935902354,0.0894719276296524,0,0,0.191146256469902,0.0336434789581681,0,0,0,0.41,0.0368007405480046,1.09192184417353
GSM340681,0,0.0244894214676463,0.188955752342329,0,0.0185567348855882,0,0.0446572443142699,0.0496366041336792,0.116859743005392,0.0320205982488759,0.0398870019909796,0,0.0184122024751088,0.0343866554806072,0.0134750560046567,0.0527425622169093,0,0.332530628448261,0.0311593101960525,0,0,0.00223048478964364,0.14,0.101192466920507,1.0538007827953
GSM340682,0,0.0637495377234578,0.0280532509277531,0,0.135325807198507,0,0.129591753610337,0,0.110002597162463,0.0795447013364238,0.0105367104898179,0,0,0,0,0.0904841577306663,0,0.322523893208559,0.0281849390879223,0,0,0.00200265152409287,0.37,0.0429757205241671,1.09033301655997
GSM340683,0,0.0336266070065433,0,0,0.110952560973687,0.0353054180688927,0.118122465368064,0,0.148682027385194,0,0.0270404307358116,0,0.00217644498976385,0.121665762139605,0,0.161783302152204,0.0433004154518858,0.153393978218649,0.0439505875096996,0,0,0,0.12,0.108468757742662,1.04341419440623
GSM340685,0.00845084207371778,0.185291415946488,0,0.00759157717225833,0,0.121606041260754,0.297886027322455,0.0510722743629043,0.0512639589226505,0,0,0.00832314966554681,0,0.0526529899372737,0,0.0528630331507912,0,0.0974444650977092,0.0548180167809516,0,0,0.0107362083064994,0.48,0.0285502300537486,1.06846667754396
GSM340686,0.0303859925592098,0,0,0,0.0600446159494685,0.0680372392914222,0.0579591710151492,0,0.188029486921758,0,0.0823539663003629,0,0.0483787737224041,0,0,0.0984114110391549,0.11151668559192,0.149448467982851,0,0.100760088167655,0,0.00467410145864434,0.14,0.103850957446271,1.04406358121955
GSM340687,0.0738914064814188,0,0.0912295392369986,0,0,0,0,0.0822115560418876,0.0774022462914366,0,0.0701640312378482,0,0.0107279231247972,0.24652296048595,0.117250190548967,0.063713320582116,0.0720160609027667,0.0168069799217678,0,0.0780637851440445,0,0,0,0.284287137803215,0.973939773584523
GSM340688,0.0886682631827181,0,0.0170098117858386,0,0,0.173745004812145,0.238183950291518,0,0.0827401068692125,0,0.0110778600231885,0.0451203481263831,0,0.0414222404576246,0,0.0225043910276575,0,0.202457283137876,0.0591903884169546,0,0,0.0178803518688831,0.63,0.0141077608134778,1.0867993204786
GSM340689,0.0269761545670518,0.0651204300353308,0.0269687550448217,0.155105992580777,0.0435095460267484,0,0.0572923470838266,0.0555250765602085,0.131467814257469,0.0997120225725259,0,0,0,0.0786560326781733,0.0330395497876648,0.0225300199172725,0,0.144695520219261,0,0.0594007386688692,0,0,0.1,0.124234607089628,1.04852487355815
GSM340690,0,0.066363163744496,0,0,0.0508528420077125,0.226977729065143,0.0336152416425621,0,0.157455312567108,0,0.0720621950977734,0,0.0159647050772038,0.165751058278166,0.0139362486165634,0.0519595622507929,0,0.111572231638536,0.0292382963428953,0,0,0.00425141367104733,0.6,0.0177813975435133,1.09044103583355
GSM340691,0,0.103582464140941,0.00269374895624021,0.120012238216628,0,0.090691830697948,0.0485332418071262,0,0.259921030341398,0,0.10738119658849,0.0218383752729343,0.0711729382905022,0.0208894266628267,0,0.0739537152829379,0,0.065477713149088,0.0103151614159397,0,0,0.0035369191770001,0.56,0.0198604382931632,1.10276045809031
GSM340692,0,0.0660872827366308,0,0.00283641279548509,0,0.162333584761595,0.256107770728441,0.0435564747738615,0.0419067149572957,0.169687574702287,0,0.00408400944972332,0,0.0260759476429503,0,0.0173942463609651,0,0.174099152773085,0.0358308283176796,0,0,0,0.61,0.0172090266763309,1.09992911657252
GSM340695,0.0414240653710208,0,0,0.14936126913143,0,0.147852968153918,0,0,0.171427486759241,0,0.0808797509347502,0,0.0374117667273119,0,0.0254801646008092,0.178241224910617,0.0954343352478402,0.0718066053691598,0,0.000680362793901742,0,0,0.51,0.0246375965446614,1.08884713405269
GSM340698,0.0041574276350342,0.00593032928333512,0.143169015205821,0,0.0250925919430274,0,0,0,0.0525409948464064,0.0341995203523397,0.0045606954963285,0.00536317093791985,0,0.326331057440659,0,0.0198190206247601,0,0.149161982898543,0.218708988312023,0,0,0.0109652050238026,0.3,0.0565272632756367,1.07800328073868
GSM340699,0.0422162567339176,0.0992753694664163,0.0529503102568011,0.108426423648495,0,0.122839547095421,0,0,0.103215334286135,0,0,0.0129413223105816,0.0138722648916276,0.190161527537318,0.0615223837108809,0.0758275728016077,0,0,0.116751687260798,0,0,0,0.07,0.155649997604673,1.01946424714269
GSM340703,0,0.000722282003820025,0.122370105116901,0.0458222070995093,0,0.107541831480669,0,0,0.19182738206252,0.131386545999155,0,0.0106165400314887,0.00778437555186172,0.0566948073845195,0.0230318470111398,0.0945294182804484,0.00835501583526588,0.0252245962964829,0.159794437684853,0,0.0142986081613666,0,0.39,0.0395134780028806,1.06150445970216
GSM340707,0,0,0.0675621569681907,0.0950559044262756,0,0.237400090480869,0.0546596082761456,0,0.142181677916705,0,0,0.0502074640101758,0,0,0,0.171453829189235,0,0.115995757325513,0.0508966360929002,0,0,0.0145868753139901,0.63,0.0141088164207667,1.08717519539277
GSM340708,0.0321719190508483,0,0.147620487154489,0.0333470859547283,0,0,0,0.0686379272319931,0.128378413829832,0,0.019628157432578,0.0644969192975247,0.0214134077716466,0.0962534319575054,0.145263725929007,0.00266717429439476,0.0380260333640435,0.0743806944041378,0.127714622327271,0,0,0,0.29,0.0593710259334489,1.06347241569518
GSM340710,0.0151206513238732,0,0.00363233166693365,0,0.144407663768528,0.0519685185715146,0,0,0.193515129133797,0,0.163695437072183,0,0.0371635629371005,0,0,0,0.0310642089513709,0.12515124012229,0,0.201468489218093,0.0328127672343159,0,0.6,0.0176989085883701,1.10786366407587
GSM340711,0,0.105753750857188,0,0,0.116266192119857,0,0,0,0.108147646735537,0,0.0661563371393764,0,0.0373095329885231,0,0,0.176346888635233,0.00557816205050658,0.276982153922089,0.0948648093544347,0.00971719047221521,0,0.00287733572504101,0.27,0.0685518235585199,1.06367130896429
GSM340713,0.00231047424592307,0,0,0,0.1337296284405,0.0602829522699033,0.0871824311845278,0,0.170474787338575,0,0.0460320251045749,0,0,0,0,0.283673248601654,0.0406990944763973,0.125109697909488,0,0.0505056604284571,0,0,0.55,0.0227740858048639,1.08356512278139
GSM340716,0,0.0849822448775373,0.0385594559205403,0,0,0.30603752335203,0.293279163719089,0,0,0,0.0389942262091493,0.0193154739404412,0,0.0206264618970918,0,0.028358020876314,0,0.102769999894128,0.0580969566897876,0,0,0.00898047262389109,0.46,0.0303831822180695,1.07931808440637
GSM340717,0.0457104801901936,0,0.00563049148867681,0,0.0170448124356615,0.162003493897642,0.0615162081985387,0,0.133482006288118,0,0.0964217526409783,0.0116149091091059,0.0527019387325517,0,0,0.301625046616307,0,0.0483367105796517,0.0383531272013808,0,0.0255590226211948,0,0.56,0.0208034082217741,1.07819877065651
GSM340719,0,0.0874279981689411,0,0.0624149058702331,0.15146138420572,0,0.121392894779427,0,0.187047356730577,0.000999565735186289,0,0.0116935555281087,0.0461230233774739,0.0329458835215939,0,0.101282911969709,0,0.166970272651668,0.0302402474613619,0,0,0,0.23,0.0810148799276993,1.05775235963503
GSM340722,0.0160154387753989,0,0,0,0.0449991093621281,0,0.036745888178953,0.0577225219575995,0.115268736405262,0,0.0579355154629403,0,0,0.271675522540481,0.012849492120944,0.0966972768984091,0,0.142038913764715,0,0.13483196093071,0,0.0132196236024589,0.14,0.103449204012276,1.07093264553467
GSM340724,0,0,0,0,0,0.282910664398348,0.0836840119146505,0,0.103401126660141,0.0570516558750854,0,0.00242197295561401,0,0,0,0.327411706129764,0,0.122500611330259,0.020618250736138,0,0,0,0.64,0.0116258488778878,1.09400874502498
GSM340726,0.0290912866328299,0,0,0.0607820129009291,0,0.189340211054662,0.0709466554067212,0,0.240670158657362,0,0,3.27838474756428e-05,0.0164095962776093,0,0,0.0982738115268884,0.205526845793343,0.0774457554684753,0.0114808824337039,0,0,0,0.35,0.0472501938915019,1.07548955876179
GSM340730,0.0369440352653395,0,0,0.016508527370975,0.0674704369536104,0.113463208452536,0.000931799891344641,0,0.216407784267666,0.0513127294845848,0.0404587045026329,0,0.00512854113243017,0,0.00346936897650686,0.180336037171265,0.139996481648998,0.114553495042551,0.0130188498395609,0,0,0,0.19,0.0909397187622895,1.05630328851273
GSM340734,0,0.0320298173851872,0.0568109649773429,0.0056330982385784,0,0.257987334059765,0.128700903389423,0,0.0451301148200468,0,0.0506030165079461,0,0,0.130567159258032,0.0359835504731396,0.0970836622565486,0,0.0445528307638057,0.111739596550117,0,0,0.00317795132006766,0.64,0.0105902783613776,1.07002456769253
GSM340735,0,0.05805508102492,0.0280069631801355,0,0.000419030188726496,0.129482546513475,0.211694344062602,0,0.0648460894293174,0.0161445707204616,0.0158094456200677,0,2.41584221966014e-05,0,0,0.214143383006383,0.0898379155117213,0.0934796002652101,0.0780568720547838,0,0,0,0.49,0.0271165902077908,1.05834236098896
GSM340736,0.091432182617874,0,0.0118958461505155,0,0.0158433069484131,0.0189632489174913,0.271197134548226,0,0.0964199584379129,0,0.0661387095717643,0.00277107948480267,0.0122487226706714,0.163497958720194,0.0277033637362627,0,0.0289753131997574,0.113961142100307,0.0789520328958076,0,0,0,0.72,-0.00324603391677664,1.08106527801037
GSM340737,0,0.0912162578487835,0,0,0,0.184997335452578,0.124806947304337,0,0.0450153047442619,0,0.00984214259345184,0.0731104169245641,0,0,0,0.257075633634081,0,0.116106793494931,0.0814329026435291,0,0,0.0163962653594822,0.65,0.00850366856293272,1.07812289008668
GSM340738,0.119336894662347,0,0.0453598487399723,0,0,0.333181416747992,0,0,0.186766434075987,0,0.132582706420323,0,0.0364913701127898,0,0,0.0146492833711153,0,0.0541714228969409,0.0534470395844701,0,0,0.0240135833880621,0.39,0.0390071901479171,1.09609127959557
GSM340739,0,0.047644401370084,0,0.0650658644480499,0.131715446966556,0,0.08651924711539,0,0.221008266745269,0.0408133720828969,0.0367340889674413,0,0.0392380208834455,0.16635246460897,0,0.00249090238949581,0,0.14971688814947,0,0.0127010362729313,0,0,0.25,0.0773512927438348,1.07101036606836
GSM340740,0.0836061239916176,0,0.0919331096736016,0,0,0.067218481550722,0,0,0.20092273648403,0.126374920414014,0,0,0.0267055137212522,0.018079670037181,0.00840422210540298,0.130792997150059,0,0.0306770395012554,0.215285185370865,0,0,0,0.49,0.0264979037737366,1.06027318833024
GSM340741,0.0238644062835601,0,0.0199991349521241,0.0121106062367093,0,0.124443128941632,0,0.0709986207293081,0.434345894093161,0,0.0125630943495575,0.000846442771266434,0.0491504843343987,0.0525947550242385,0.0130771042800763,0.0288401886674506,0,0.141194494502659,0.0159716448338577,0,0,0,0.35,0.0482472269584401,1.10114577839335
GSM340742,0.0250259103644923,0,0,0.0138395728247356,0.0671653454170403,0,0.286794521315921,0,0,0,0.10238778935683,0.00943773921656171,0.0418057443345204,0,0,0.0694483626991522,0,0.271597088335059,0.0842131957314109,0,0,0.0282847304042771,0.36,0.0453396921693616,1.0806298143708
GSM340743,0,0.0576217769475764,0,0,0.0541885921855506,0.176683678876768,0.0903214511084506,0,0.118620241294402,0,0.036252153948712,0.00358996044160199,0.0343800256147973,0.0893258938109874,0.00966312733396731,0,0.00948163790910889,0.220289593941169,0,0.0944376864600068,0.00514418012690245,0,0.27,0.0670009034184433,1.07085209525562
GSM340744,0.075663895119649,0,0.039353116930529,0.261564652912073,0.0539340504289263,0,0.0406406346334463,0.0307479615975475,0,0.154737937004522,0,0,0,0.16067423702128,0.0235137106551407,0.0208018895443293,0,0.110341051968054,0.028026862184503,0,0,0,0.15,0.0995392656308176,1.07147890396251
GSM340748,0.0395011450341562,0,0.102434281464806,0,0,0.260064010621374,0,0,0.106968971087634,0.129934566705038,0,0.00857588664446866,0,0.0373210730963195,0,0.072701033921485,0,0.05243611067508,0.181498356293483,0,0.00856456445615511,0,0.65,0.00934873498873278,1.07699289587111
GSM340749,0,0.0369624368151495,0.0363833279460528,0.145001286279357,0.00292470914799269,0.269514068239058,0.0544648274290217,0,0,0.113819061979277,0,0.00240843681197888,0.0365977475096004,0.028985130996629,0.0206974438393384,0.141543467046439,0,0.00984682389906382,0.100851232061042,0,0,0,0.26,0.0702621777954866,1.06935821640935
GSM340750,0.0297459011329377,0,0.191316832883475,0.0310861875020911,0,0.232183803274555,0.0174771603600585,0.0101671300641378,0.0514795780446785,0,0,0.058133946784794,0.0501026098195837,0.019264294890506,0.0283081978813777,0.0486900963644034,0,0.046786969977139,0.185257291020262,0,0,0,0.43,0.0340542501139632,1.05153095795482
GSM340751,0.0127220756156393,0.0157992134981882,0,0.0605035982003968,0,0.0225869742392673,0.0861119620790643,0.0207706677863498,0.0299563194538702,0.0816484817852081,0,0.00812889646075374,0,0.25239110173604,0.0389654018445461,0.0453623188409674,0,0.0323793827658155,0.292673605693893,0,0,0,0.33,0.0504373240552276,1.07224337350589
GSM340752,0,0.0322442071366669,0,0.078330653919698,0.00825563570181678,0,0.106973597938415,0.0290004512287259,0.070742764086492,0.0134535781427712,0.038911929828769,0,0,0.224283894933184,0.0679858982760756,0.125780272036997,0.00625422621869718,0.11949343785555,0.0782894526961408,0,0,0,0.28,0.0633098122408632,1.07158665456908
GSM340753,0,0,0.0250104254466768,0,0.15654323848017,0.133184371419715,0.175879324412668,0,0.0191170916159885,0,0.106212967709563,0,0.016035076599228,0.0136201615931139,0,0.0329354282174996,0,0.138413042280386,0.183048872224992,0,0,0,0.65,0.00995909821564014,1.08392680597801
GSM340754,0.0870519884665994,0,0,0,0.3106740784331,0,0,0,0.163052950568466,0,0.140940449813966,0,0,0.0300326452877652,0.00118350981191602,0.12234510296171,0.00724577002210624,0.0311392089950005,0,0.0783299527104003,0.02800434292897,0,0.28,0.06453091596691,1.08073940231295
GSM340755,0.0424253347484016,0,0.0753122427769578,0,0.134959504500868,0,0,0,0.190045372244855,0.0676334605557879,0,0.0800090326256181,0,0.00548699216688781,0,0.151235776666827,0,0.113677490631815,0.139214793081982,0,0,0,0.42,0.035420732296895,1.06894685220946
GSM340756,0,0.0551306687013371,0.0261987310768087,0.107559854933842,0.0647568839078756,0,0.146095999039485,0,0.124870396345348,0.0570862445388515,2.70407911733908e-05,0,0.0269012713113063,0,0.0261794028088125,0.217083843747186,0,0.0724429202498717,0.0756667425481017,0,0,0,0.65,0.00544680532947423,1.07382140907083
GSM340768,0,0.00104980615387304,0.119450082924326,0,0.092414632759893,0,0.145449497951931,0,0.123533215016511,0.0758235343929422,0,0.0716358734725252,0,0,0,0.0811561197579947,0,0.145864847552073,0.107137687402135,0,0,0.0364847026157965,0.79,-0.0101333317262678,1.08272084460596
